Time (hpf),Control_Mean_20260723_Pos001,Control_Mean_20260723_Pos002,K4K8MO_Mean_20260723_Pos003,K4K8MO_Mean_20260723_Pos004
4.25,103.646875,108.255625,107.16,105.11125
4.75,110.25266666666667,116.14133333333332,130.06,123.498
5.25,121.35533333333333,120.018,145.77666666666667,135.84333333333333
5.75,127.804,130.13866666666667,162.184,154.85266666666666
6.25,132.14866666666666,135.64466666666667,178.87866666666665,168.50133333333332
6.75,140.272,141.35600000000002,196.99866666666668,181.37733333333333
7.25,148.43333333333334,150.39600000000002,213.07666666666668,197.194
7.75,157.14066666666668,158.48333333333332,229.03133333333332,215.11666666666667
8.25,166.296,163.612,254.362,230.94266666666667
8.75,171.01666666666668,171.17066666666668,266.58733333333333,244.40200000000002
9.25,179.166,178.05733333333333,284.93666666666667,266.40066666666667
9.75,186.92000000000002,186.27428571428572,302.57071428571425,278.65285714285716
