 ,Mean,StdDev,Min,Max
1,103.45,9.79,88.45,118.45
2,102.27,8.51,87.27,117.27
3,95.83,11.26,80.83,110.83
4,105.66,6.98,90.66,120.66
5,98.58,6.8,83.58,113.58
6,95.91,6.48,80.91,110.91
7,89.68,7.38,74.68,104.68
8,111.13,11.5,96.13,126.13
9,108.63,11.49,93.63,123.63
10,106.71,6.4,91.71,121.71
11,104.74,11.55,89.74,119.74
12,103.56,9.11,88.56,118.56
13,110.95,7.79,95.95,125.95
14,109.48,5.94,94.48,124.48
15,111.95,10.2,96.95,126.95
16,99.82,10.38,84.82,114.82
17,111.03,6.7,96.03,126.03
18,108.4,8.36,93.4,123.4
19,111.26,8.79,96.26,126.26
20,112.59,9.53,97.59,127.59
21,100.0,8.78,85.0,115.0
22,110.31,11.08,95.31,125.31
23,110.87,11.76,95.87,125.87
24,110.03,6.88,95.03,125.03
25,111.98,9.8,96.98,126.98
26,108.64,7.55,93.64,123.64
27,99.11,8.95,84.11,114.11
28,118.39,5.52,103.39,133.39
29,112.58,7.89,97.58,127.58
30,111.54,9.27,96.54,126.54
31,117.06,5.15,102.06,132.06
32,104.76,11.74,89.76,119.76
33,112.48,11.5,97.48,127.48
34,120.66,6.7,105.66,135.66
35,121.53,8.49,106.53,136.53
36,121.36,9.44,106.36,136.36
37,125.55,7.76,110.55,140.55
38,121.43,6.2,106.43,136.43
39,119.75,9.12,104.75,134.75
40,120.11,5.41,105.11,135.11
41,121.86,6.89,106.86,136.86
42,124.78,6.89,109.78,139.78
43,122.91,8.43,107.91,137.91
44,131.18,5.59,116.18,146.18
45,128.47,8.21,113.47,143.47
46,123.5,9.93,108.5,138.5
47,123.85,7.58,108.85,138.85
48,128.29,5.87,113.29,143.29
49,130.43,8.67,115.43,145.43
50,125.2,11.37,110.2,140.2
51,129.91,11.97,114.91,144.91
52,125.04,9.55,110.04,140.04
53,123.31,5.56,108.31,138.31
54,124.05,10.96,109.05,139.05
55,121.71,9.8,106.71,136.71
56,133.14,10.44,118.14,148.14
57,125.64,8.14,110.64,140.64
58,131.17,10.61,116.17,146.17
59,128.3,5.17,113.3,143.3
60,131.01,8.55,116.01,146.01
61,136.01,9.4,121.01,151.01
62,127.31,10.99,112.31,142.31
63,138.62,5.3,123.62,153.62
64,122.78,7.86,107.78,137.78
65,126.8,6.8,111.8,141.8
66,135.46,6.32,120.46,150.46
67,134.76,11.82,119.76,149.76
68,135.19,5.39,120.19,150.19
69,134.05,5.55,119.05,149.05
70,130.59,5.31,115.59,145.59
71,128.68,8.01,113.68,143.68
72,140.29,7.59,125.29,155.29
73,124.89,8.43,109.89,139.89
74,126.79,10.21,111.79,141.79
75,139.77,5.38,124.77,154.77
76,136.25,10.46,121.25,151.25
77,128.71,5.78,113.71,143.71
78,139.51,6.67,124.51,154.51
79,128.8,8.07,113.8,143.8
80,142.4,5.66,127.4,157.4
81,139.13,10.52,124.13,154.13
82,137.63,5.4,122.63,152.63
83,136.53,8.51,121.53,151.53
84,150.09,9.67,135.09,165.09
85,140.75,6.67,125.75,155.75
86,135.24,11.94,120.24,150.24
87,136.16,5.78,121.16,151.16
88,144.35,7.96,129.35,159.35
89,150.22,8.0,135.22,165.22
90,143.48,6.55,128.48,158.48
91,151.08,7.7,136.08,166.08
92,141.73,11.86,126.73,156.73
93,142.24,10.85,127.24,157.24
94,144.46,5.0,129.46,159.46
95,140.92,6.89,125.92,155.92
96,154.02,11.8,139.02,169.02
97,152.91,6.13,137.91,167.91
98,143.72,7.03,128.72,158.72
99,145.37,8.81,130.37,160.37
100,139.93,8.73,124.93,154.93
101,148.93,9.19,133.93,163.93
102,157.13,10.9,142.13,172.13
103,158.91,10.77,143.91,173.91
104,148.19,5.77,133.19,163.19
105,153.48,6.66,138.48,168.48
106,154.56,10.06,139.56,169.56
107,154.46,11.36,139.46,169.46
108,151.83,5.54,136.83,166.83
109,156.48,8.77,141.48,171.48
110,163.19,10.82,148.19,178.19
111,166.61,5.48,151.61,181.61
112,155.21,11.45,140.21,170.21
113,151.46,8.28,136.46,166.46
114,154.93,11.59,139.93,169.93
115,155.96,11.94,140.96,170.96
116,154.35,9.3,139.35,169.35
117,160.05,9.25,145.05,175.05
118,162.24,7.02,147.24,177.24
119,165.84,10.11,150.84,180.84
120,150.09,9.54,135.09,165.09
121,154.41,11.2,139.41,169.41
122,166.54,8.73,151.54,181.54
123,156.82,10.17,141.82,171.82
124,162.44,10.28,147.44,177.44
125,161.81,8.1,146.81,176.81
126,166.79,5.47,151.79,181.79
127,161.81,11.43,146.81,176.81
128,169.64,5.17,154.64,184.64
129,160.17,11.4,145.17,175.17
130,174.42,7.87,159.42,189.42
131,165.62,10.74,150.62,180.62
132,171.48,8.47,156.48,186.48
133,162.2,8.82,147.2,177.2
134,170.14,7.76,155.14,185.14
135,171.69,6.54,156.69,186.69
136,172.87,8.57,157.87,187.87
137,172.87,9.97,157.87,187.87
138,171.38,11.92,156.38,186.38
139,172.96,6.86,157.96,187.96
140,174.78,11.52,159.78,189.78
141,169.07,9.98,154.07,184.07
142,164.77,7.05,149.77,179.77
143,167.74,11.85,152.74,182.74
144,172.67,5.55,157.67,187.67
145,170.82,11.15,155.82,185.82
146,170.91,9.21,155.91,185.91
147,167.41,8.96,152.41,182.41
148,171.96,10.1,156.96,186.96
149,173.7,6.41,158.7,188.7
150,172.11,11.63,157.11,187.11
151,172.1,8.08,157.1,187.1
152,180.25,8.23,165.25,195.25
153,174.23,11.99,159.23,189.23
154,172.35,10.62,157.35,187.35
155,171.57,10.2,156.57,186.57
156,177.53,8.48,162.53,192.53
157,175.48,10.31,160.48,190.48
158,178.68,5.27,163.68,193.68
159,179.64,6.59,164.64,194.64
160,182.75,11.79,167.75,197.75
161,176.4,7.74,161.4,191.4
162,179.34,6.79,164.34,194.34
163,179.09,10.22,164.09,194.09
164,194.15,7.3,179.15,209.15
165,182.26,9.84,167.26,197.26
166,183.77,10.5,168.77,198.77
167,175.92,10.16,160.92,190.92
168,189.21,7.4,174.21,204.21
169,191.31,9.38,176.31,206.31
170,183.08,6.51,168.08,198.08
171,182.12,8.22,167.12,197.12
172,186.67,11.55,171.67,201.67
173,185.7,11.37,170.7,200.7
174,184.32,10.68,169.32,199.32
175,190.66,5.19,175.66,205.66
176,191.18,5.51,176.18,206.18
177,186.89,6.39,171.89,201.89
178,189.13,9.94,174.13,204.13
179,192.57,7.44,177.57,207.57
180,188.12,11.8,173.12,203.12
